{"stat.useItem.minecraft.stone":1,"stat.pickup.minecraft.gravel":9,"stat.leaveGame":2,"stat.pickup.minecraft.arrow":6,"stat.pickup.minecraft.stone_pickaxe":1,"stat.pickup.minecraft.stone_axe":1,"stat.useItem.minecraft.apple":2,"stat.jump":487,"stat.swimOneCm":1371,"stat.pickup.minecraft.coal":166,"stat.fallOneCm":12563,"stat.craftItem.minecraft.shield":1,"stat.pickup.minecraft.iron_ingot":17,"stat.killEntity.whitezetsu":1,"stat.useItem.minecraft.stone_axe":44,"stat.crouchOneCm":8353,"stat.pickup.minecraft.spider_eye":5,"stat.craftItem.minecraft.torch":32,"stat.craftItem.minecraft.iron_ingot":33,"stat.pickup.minecraft.dirt":10,"stat.useItem.minecraft.dirt":6,"stat.useItem.minecraft.stone_slab2":16,"stat.pickup.minecraft.bow":2,"stat.pickup.minecraft.iron_boots":1,"stat.craftingTableInteraction":12,"stat.pickup.minecraft.iron_ore":33,"stat.pickup.minecraft.rotten_flesh":18,"stat.craftItem.minecraft.furnace":2,"stat.craftItem.minecraft.stone_axe":1,"stat.craftItem.minecraft.iron_boots":1,"stat.drop.minecraft.double_plant":1,"stat.entityKilledBy.itachi":1,"stat.damageTaken":772,"stat.pickup.minecraft.leather":14,"stat.craftItem.minecraft.stone_pickaxe":2,"stat.mineBlock.minecraft.torch":1,"stat.useItem.minecraft.wooden_pickaxe":4,"stat.craftItem.minecraft.cooked_beef":8,"stat.pickup.minecraft.cobblestone":94,"stat.pickup.minecraft.planks":1,"stat.craftItem.minecraft.stone_sword":1,"stat.flyOneCm":82296,"stat.pickup.minecraft.potato":4,"stat.mineBlock.minecraft.gravel":9,"stat.useItem.minecraft.stone_pickaxe":185,"stat.useItem.minecraft.cooked_beef":6,"stat.useItem.minecraft.stone_sword":64,"stat.damageDealt":4696,"stat.mineBlock.minecraft.iron_ore":33,"stat.timeSinceDeath":2291,"stat.killEntity.Cow":11,"stat.mineBlock.minecraft.dirt":10,"stat.craftItem.minecraft.wooden_pickaxe":1,"stat.drop.minecraft.spider_eye":1,"stat.pickup.minecraft.double_plant":1,"stat.walkOneCm":109621,"stat.useItem.minecraft.torch":14,"stat.pickup.minecraft.stick":1,"stat.pickup.minecraft.crafting_table":2,"stat.useItem.minecraft.cobblestone":2,"stat.craftItem.minecraft.crafting_table":2,"stat.furnaceInteraction":15,"stat.useItem.minecraft.gravel":8,"stat.mineBlock.minecraft.coal_ore":92,"stat.pickup.minecraft.shield":1,"stat.pickup.minecraft.log":53,"stat.pickup.minecraft.string":2,"stat.pickup.minecraft.beef":38,"stat.pickup.minecraft.iron_pickaxe":1,"stat.craftItem.minecraft.stone_slab2":0,"stat.pickup.minecraft.stone":3,"stat.craftItem.minecraft.iron_chestplate":1,"stat.pickup.minecraft.sapling":1,"stat.sprintOneCm":31670,"stat.pickup.minecraft.iron_chestplate":1,"stat.pickup.minecraft.apple":2,"stat.pickup.minecraft.cooked_beef":2,"stat.craftItem.minecraft.stick":20,"stat.killEntity.Skeleton":2,"stat.craftItem.minecraft.planks":28,"stat.mineBlock.minecraft.crafting_table":2,"stat.killEntity.Spider":4,"stat.pickup.minecraft.stone_sword":1,"stat.mobKills":29,"stat.mineBlock.minecraft.log":30,"stat.deaths":1,"stat.drop":2,"stat.mineBlock.minecraft.leaves":22,"stat.playOneMinute":43831,"stat.pickup.minecraft.torch":20,"stat.sneakTime":3998,"stat.craftItem.minecraft.iron_pickaxe":1,"stat.killEntity.Zombie":11,"stat.mineBlock.minecraft.stone":65,"stat.mineBlock.minecraft.tallgrass":7,"stat.diveOneCm":462}